hospital_name,vaccine_type,quantity
코로나19 강원도 강릉시 예방접종센터,화이자,5
코로나19 강원도 강릉시 예방접종센터,모더나,5
코로나19 강원도 강릉시 예방접종센터,아스트라제네카,5
코로나19 강원도 동해시 예방접종센터,화이자,5
코로나19 강원도 동해시 예방접종센터,모더나,5
코로나19 강원도 동해시 예방접종센터,아스트라제네카,5
코로나19 강원도 삼척시 예방접종센터,화이자,5
코로나19 강원도 삼척시 예방접종센터,모더나,5
코로나19 강원도 삼척시 예방접종센터,아스트라제네카,5
코로나19 강원도 속초시 예방접종센터,화이자,5
코로나19 강원도 속초시 예방접종센터,모더나,5
코로나19 강원도 속초시 예방접종센터,아스트라제네카,5
코로나19 강원도 양구군 예방접종센터,화이자,5
코로나19 강원도 양구군 예방접종센터,모더나,5
코로나19 강원도 양구군 예방접종센터,아스트라제네카,5
코로나19 강원도 양양군 예방접종센터,화이자,5
코로나19 강원도 양양군 예방접종센터,모더나,5
코로나19 강원도 양양군 예방접종센터,아스트라제네카,5
코로나19 강원도 영월군 예방접종센터,화이자,5
코로나19 강원도 영월군 예방접종센터,모더나,5
코로나19 강원도 영월군 예방접종센터,아스트라제네카,5
코로나19 강원도 원주시 예방접종센터,화이자,5
코로나19 강원도 원주시 예방접종센터,모더나,5
코로나19 강원도 원주시 예방접종센터,아스트라제네카,5
코로나19 강원도 인제군 예방접종센터,화이자,5
코로나19 강원도 인제군 예방접종센터,모더나,5
코로나19 강원도 인제군 예방접종센터,아스트라제네카,5
코로나19 강원도 정선군 예방접종센터,화이자,5
코로나19 강원도 정선군 예방접종센터,모더나,5
코로나19 강원도 정선군 예방접종센터,아스트라제네카,5
코로나19 강원도 철원군 예방접종센터,화이자,5
코로나19 강원도 철원군 예방접종센터,모더나,5
코로나19 강원도 철원군 예방접종센터,아스트라제네카,5
코로나19 강원도 춘천시 예방접종센터,화이자,5
코로나19 강원도 춘천시 예방접종센터,모더나,5
코로나19 강원도 춘천시 예방접종센터,아스트라제네카,5
코로나19 강원도 태백시 예방접종센터,화이자,5
코로나19 강원도 태백시 예방접종센터,모더나,5
코로나19 강원도 태백시 예방접종센터,아스트라제네카,5
코로나19 강원도 평창군 예방접종센터,화이자,5
코로나19 강원도 평창군 예방접종센터,모더나,5
코로나19 강원도 평창군 예방접종센터,아스트라제네카,5
코로나19 강원도 홍천군 예방접종센터,화이자,5
코로나19 강원도 홍천군 예방접종센터,모더나,5
코로나19 강원도 홍천군 예방접종센터,아스트라제네카,5
코로나19 강원도 화천군 예방접종센터,화이자,5
코로나19 강원도 화천군 예방접종센터,모더나,5
코로나19 강원도 화천군 예방접종센터,아스트라제네카,5
코로나19 강원도 횡성군 예방접종센터,화이자,5
코로나19 강원도 횡성군 예방접종센터,모더나,5
코로나19 강원도 횡성군 예방접종센터,아스트라제네카,5
코로나19 경기도 가평군 예방접종센터,화이자,5
코로나19 경기도 가평군 예방접종센터,모더나,5
코로나19 경기도 가평군 예방접종센터,아스트라제네카,5
코로나19 경기도 고양시 덕양구 예방접종센터,화이자,5
코로나19 경기도 고양시 덕양구 예방접종센터,모더나,5
코로나19 경기도 고양시 덕양구 예방접종센터,아스트라제네카,5
코로나19 경기도 고양시 일산동구 예방접종센터,화이자,5
코로나19 경기도 고양시 일산동구 예방접종센터,모더나,5
코로나19 경기도 고양시 일산동구 예방접종센터,아스트라제네카,5
코로나19 경기도 고양시 일산서구 예방접종센터,화이자,5
코로나19 경기도 고양시 일산서구 예방접종센터,모더나,5
코로나19 경기도 고양시 일산서구 예방접종센터,아스트라제네카,5
코로나19 경기도 과천시 예방접종센터,화이자,5
코로나19 경기도 과천시 예방접종센터,모더나,5
코로나19 경기도 과천시 예방접종센터,아스트라제네카,5
코로나19 경기도 광명시 예방접종센터,화이자,5
코로나19 경기도 광명시 예방접종센터,모더나,5
코로나19 경기도 광명시 예방접종센터,아스트라제네카,5
코로나19 경기도 광주시 예방접종센터,화이자,5
코로나19 경기도 광주시 예방접종센터,모더나,5
코로나19 경기도 광주시 예방접종센터,아스트라제네카,5
코로나19 경기도 구리시 예방접종센터,화이자,5
코로나19 경기도 구리시 예방접종센터,모더나,5
코로나19 경기도 구리시 예방접종센터,아스트라제네카,5
코로나19 경기도 군포시 예방접종센터,화이자,5
코로나19 경기도 군포시 예방접종센터,모더나,5
코로나19 경기도 군포시 예방접종센터,아스트라제네카,5
코로나19 경기도 김포시 예방접종센터,화이자,5
코로나19 경기도 김포시 예방접종센터,모더나,5
코로나19 경기도 김포시 예방접종센터,아스트라제네카,5
코로나19 경기도 남양주시 예방접종센터,화이자,5
코로나19 경기도 남양주시 예방접종센터,모더나,5
코로나19 경기도 남양주시 예방접종센터,아스트라제네카,5
코로나19 경기도 동두천시 예방접종센터,화이자,5
코로나19 경기도 동두천시 예방접종센터,모더나,5
코로나19 경기도 동두천시 예방접종센터,아스트라제네카,5
코로나19 경기도 부천시 예방접종센터,화이자,5
코로나19 경기도 부천시 예방접종센터,모더나,5
코로나19 경기도 부천시 예방접종센터,아스트라제네카,5
코로나19 경기도 성남시 분당구 예방접종센터,화이자,5
코로나19 경기도 성남시 분당구 예방접종센터,모더나,5
코로나19 경기도 성남시 분당구 예방접종센터,아스트라제네카,5
코로나19 경기도 성남시 수정구 예방접종센터,화이자,5
코로나19 경기도 성남시 수정구 예방접종센터,모더나,5
코로나19 경기도 성남시 수정구 예방접종센터,아스트라제네카,5
코로나19 경기도 성남시 중원구 예방접종센터,화이자,5
코로나19 경기도 성남시 중원구 예방접종센터,모더나,5
코로나19 경기도 성남시 중원구 예방접종센터,아스트라제네카,5
코로나19 경기도 수원시 권선구 예방접종센터,화이자,5
코로나19 경기도 수원시 권선구 예방접종센터,모더나,5
코로나19 경기도 수원시 권선구 예방접종센터,아스트라제네카,5
코로나19 경기도 수원시 예방접종센터,화이자,5
코로나19 경기도 수원시 예방접종센터,모더나,5
코로나19 경기도 수원시 예방접종센터,아스트라제네카,5
코로나19 경기도 수원시 장안구 예방접종센터,화이자,5
코로나19 경기도 수원시 장안구 예방접종센터,모더나,5
코로나19 경기도 수원시 장안구 예방접종센터,아스트라제네카,5
코로나19 경기도 수원시 팔달구 예방접종센터,화이자,5
코로나19 경기도 수원시 팔달구 예방접종센터,모더나,5
코로나19 경기도 수원시 팔달구 예방접종센터,아스트라제네카,5
코로나19 경기도 시흥시 예방접종센터,화이자,5
코로나19 경기도 시흥시 예방접종센터,모더나,5
코로나19 경기도 시흥시 예방접종센터,아스트라제네카,5
코로나19 경기도 안산시 단원구 예방접종센터 ,화이자,5
코로나19 경기도 안산시 단원구 예방접종센터 ,모더나,5
코로나19 경기도 안산시 단원구 예방접종센터 ,아스트라제네카,5
코로나19 경기도 안산시 상록구 예방접종센터,화이자,5
코로나19 경기도 안산시 상록구 예방접종센터,모더나,5
코로나19 경기도 안산시 상록구 예방접종센터,아스트라제네카,5
코로나19 경기도 안성시 예방접종센터,화이자,5
코로나19 경기도 안성시 예방접종센터,모더나,5
코로나19 경기도 안성시 예방접종센터,아스트라제네카,5
코로나19 경기도 안양시 동안구 예방접종센터,화이자,5
코로나19 경기도 안양시 동안구 예방접종센터,모더나,5
코로나19 경기도 안양시 동안구 예방접종센터,아스트라제네카,5
코로나19 경기도 안양시 만안구 예방접종센터,화이자,5
코로나19 경기도 안양시 만안구 예방접종센터,모더나,5
코로나19 경기도 안양시 만안구 예방접종센터,아스트라제네카,5
코로나19 경기도 양주시 예방접종센터,화이자,5
코로나19 경기도 양주시 예방접종센터,모더나,5
코로나19 경기도 양주시 예방접종센터,아스트라제네카,5
코로나19 경기도 양평군 예방접종센터,화이자,5
코로나19 경기도 양평군 예방접종센터,모더나,5
코로나19 경기도 양평군 예방접종센터,아스트라제네카,5
코로나19 경기도 여주시 예방접종센터,화이자,5
코로나19 경기도 여주시 예방접종센터,모더나,5
코로나19 경기도 여주시 예방접종센터,아스트라제네카,5
코로나19 경기도 연천군 예방접종센터,화이자,5
코로나19 경기도 연천군 예방접종센터,모더나,5
코로나19 경기도 연천군 예방접종센터,아스트라제네카,5
코로나19 경기도 오산시 예방접종센터,화이자,5
코로나19 경기도 오산시 예방접종센터,모더나,5
코로나19 경기도 오산시 예방접종센터,아스트라제네카,5
코로나19 경기도 용인시 기흥구 예방접종센터,화이자,5
코로나19 경기도 용인시 기흥구 예방접종센터,모더나,5
코로나19 경기도 용인시 기흥구 예방접종센터,아스트라제네카,5
코로나19 경기도 용인시 수지구 예방접종센터,화이자,5
코로나19 경기도 용인시 수지구 예방접종센터,모더나,5
코로나19 경기도 용인시 수지구 예방접종센터,아스트라제네카,5
코로나19 경기도 용인시 처인구 예방접종센터 ,화이자,5
코로나19 경기도 용인시 처인구 예방접종센터 ,모더나,5
코로나19 경기도 용인시 처인구 예방접종센터 ,아스트라제네카,5
코로나19 경기도 의왕시 예방접종센터,화이자,5
코로나19 경기도 의왕시 예방접종센터,모더나,5
코로나19 경기도 의왕시 예방접종센터,아스트라제네카,5
코로나19 경기도 의정부시 예방접종센터,화이자,5
코로나19 경기도 의정부시 예방접종센터,모더나,5
코로나19 경기도 의정부시 예방접종센터,아스트라제네카,5
코로나19 경기도 이천시 예방접종센터,화이자,5
코로나19 경기도 이천시 예방접종센터,모더나,5
코로나19 경기도 이천시 예방접종센터,아스트라제네카,5
코로나19 경기도 파주시 예방접종센터,화이자,5
코로나19 경기도 파주시 예방접종센터,모더나,5
코로나19 경기도 파주시 예방접종센터,아스트라제네카,5
코로나19 경기도 평택시 송탄 예방접종센터,화이자,5
코로나19 경기도 평택시 송탄 예방접종센터,모더나,5
코로나19 경기도 평택시 송탄 예방접종센터,아스트라제네카,5
코로나19 경기도 평택시 예방접종센터,화이자,5
코로나19 경기도 평택시 예방접종센터,모더나,5
코로나19 경기도 평택시 예방접종센터,아스트라제네카,5
코로나19 경기도 포천시 예방접종센터,화이자,5
코로나19 경기도 포천시 예방접종센터,모더나,5
코로나19 경기도 포천시 예방접종센터,아스트라제네카,5
코로나19 경기도 하남시 예방접종센터,화이자,5
코로나19 경기도 하남시 예방접종센터,모더나,5
코로나19 경기도 하남시 예방접종센터,아스트라제네카,5
코로나19 경기도 화성시 예방접종센터 ,화이자,5
코로나19 경기도 화성시 예방접종센터 ,모더나,5
코로나19 경기도 화성시 예방접종센터 ,아스트라제네카,5
코로나19 경상남도 거제시 예방접종센터,화이자,5
코로나19 경상남도 거제시 예방접종센터,모더나,5
코로나19 경상남도 거제시 예방접종센터,아스트라제네카,5
코로나19 경상남도 거창군 예방접종센터,화이자,5
코로나19 경상남도 거창군 예방접종센터,모더나,5
코로나19 경상남도 거창군 예방접종센터,아스트라제네카,5
코로나19 경상남도 고성군 예방접종센터,화이자,5
코로나19 경상남도 고성군 예방접종센터,모더나,5
코로나19 경상남도 고성군 예방접종센터,아스트라제네카,5
코로나19 경상남도 김해시 예방접종센터,화이자,5
코로나19 경상남도 김해시 예방접종센터,모더나,5
코로나19 경상남도 김해시 예방접종센터,아스트라제네카,5
코로나19 경상남도 남해군 예방접종센터,화이자,5
코로나19 경상남도 남해군 예방접종센터,모더나,5
코로나19 경상남도 남해군 예방접종센터,아스트라제네카,5
코로나19 경상남도 밀양시 예방접종센터,화이자,5
코로나19 경상남도 밀양시 예방접종센터,모더나,5
코로나19 경상남도 밀양시 예방접종센터,아스트라제네카,5
코로나19 경상남도 사천시 예방접종센터,화이자,5
코로나19 경상남도 사천시 예방접종센터,모더나,5
코로나19 경상남도 사천시 예방접종센터,아스트라제네카,5
코로나19 경상남도 산청군 예방접종센터,화이자,5
코로나19 경상남도 산청군 예방접종센터,모더나,5
코로나19 경상남도 산청군 예방접종센터,아스트라제네카,5
코로나19 경상남도 양산시 예방접종센터,화이자,5
코로나19 경상남도 양산시 예방접종센터,모더나,5
코로나19 경상남도 양산시 예방접종센터,아스트라제네카,5
코로나19 경상남도 의령군 예방접종센터,화이자,5
코로나19 경상남도 의령군 예방접종센터,모더나,5
코로나19 경상남도 의령군 예방접종센터,아스트라제네카,5
코로나19 경상남도 진주시 예방접종센터,화이자,5
코로나19 경상남도 진주시 예방접종센터,모더나,5
코로나19 경상남도 진주시 예방접종센터,아스트라제네카,5
코로나19 경상남도 창녕군 예방접종센터,화이자,5
코로나19 경상남도 창녕군 예방접종센터,모더나,5
코로나19 경상남도 창녕군 예방접종센터,아스트라제네카,5
코로나19 경상남도 창원시 마산구 예방접종센터,화이자,5
코로나19 경상남도 창원시 마산구 예방접종센터,모더나,5
코로나19 경상남도 창원시 마산구 예방접종센터,아스트라제네카,5
코로나19 경상남도 창원시 예방접종센터,화이자,5
코로나19 경상남도 창원시 예방접종센터,모더나,5
코로나19 경상남도 창원시 예방접종센터,아스트라제네카,5
코로나19 경상남도 창원시 진해구 예방접종센터,화이자,5
코로나19 경상남도 창원시 진해구 예방접종센터,모더나,5
코로나19 경상남도 창원시 진해구 예방접종센터,아스트라제네카,5
코로나19 경상남도 통영시 예방접종센터,화이자,5
코로나19 경상남도 통영시 예방접종센터,모더나,5
코로나19 경상남도 통영시 예방접종센터,아스트라제네카,5
코로나19 경상남도 하동군 예방접종센터,화이자,5
코로나19 경상남도 하동군 예방접종센터,모더나,5
코로나19 경상남도 하동군 예방접종센터,아스트라제네카,5
코로나19 경상남도 함안군 예방접종센터,화이자,5
코로나19 경상남도 함안군 예방접종센터,모더나,5
코로나19 경상남도 함안군 예방접종센터,아스트라제네카,5
코로나19 경상남도 합천군 예방접종센터,화이자,5
코로나19 경상남도 합천군 예방접종센터,모더나,5
코로나19 경상남도 합천군 예방접종센터,아스트라제네카,5
코로나19 경상북도 경산시 예방접종센터,화이자,5
코로나19 경상북도 경산시 예방접종센터,모더나,5
코로나19 경상북도 경산시 예방접종센터,아스트라제네카,5
코로나19 경상북도 경주시 예방접종센터,화이자,5
코로나19 경상북도 경주시 예방접종센터,모더나,5
코로나19 경상북도 경주시 예방접종센터,아스트라제네카,5
코로나19 경상북도 고령군 예방접종센터 ,화이자,5
코로나19 경상북도 고령군 예방접종센터 ,모더나,5
코로나19 경상북도 고령군 예방접종센터 ,아스트라제네카,5
코로나19 경상북도 구미시 예방접종센터,화이자,5
코로나19 경상북도 구미시 예방접종센터,모더나,5
코로나19 경상북도 구미시 예방접종센터,아스트라제네카,5
코로나19 경상북도 군위군 예방접종센터,화이자,5
코로나19 경상북도 군위군 예방접종센터,모더나,5
코로나19 경상북도 군위군 예방접종센터,아스트라제네카,5
코로나19 경상북도 김천시 예방접종센터,화이자,5
코로나19 경상북도 김천시 예방접종센터,모더나,5
코로나19 경상북도 김천시 예방접종센터,아스트라제네카,5
코로나19 경상북도 문경시 예방접종센터,화이자,5
코로나19 경상북도 문경시 예방접종센터,모더나,5
코로나19 경상북도 문경시 예방접종센터,아스트라제네카,5
코로나19 경상북도 봉화군 예방접종센터,화이자,5
코로나19 경상북도 봉화군 예방접종센터,모더나,5
코로나19 경상북도 봉화군 예방접종센터,아스트라제네카,5
코로나19 경상북도 상주시 예방접종센터,화이자,5
코로나19 경상북도 상주시 예방접종센터,모더나,5
코로나19 경상북도 상주시 예방접종센터,아스트라제네카,5
코로나19 경상북도 성주군 예방접종센터,화이자,5
코로나19 경상북도 성주군 예방접종센터,모더나,5
코로나19 경상북도 성주군 예방접종센터,아스트라제네카,5
코로나19 경상북도 안동시 예방접종센터 ,화이자,5
코로나19 경상북도 안동시 예방접종센터 ,모더나,5
코로나19 경상북도 안동시 예방접종센터 ,아스트라제네카,5
코로나19 경상북도 영덕군 예방접종센터,화이자,5
코로나19 경상북도 영덕군 예방접종센터,모더나,5
코로나19 경상북도 영덕군 예방접종센터,아스트라제네카,5
코로나19 경상북도 영양군 예방접종센터,화이자,5
코로나19 경상북도 영양군 예방접종센터,모더나,5
코로나19 경상북도 영양군 예방접종센터,아스트라제네카,5
코로나19 경상북도 영주시 예방접종센터,화이자,5
코로나19 경상북도 영주시 예방접종센터,모더나,5
코로나19 경상북도 영주시 예방접종센터,아스트라제네카,5
코로나19 경상북도 영천시 예방접종센터 ,화이자,5
코로나19 경상북도 영천시 예방접종센터 ,모더나,5
코로나19 경상북도 영천시 예방접종센터 ,아스트라제네카,5
코로나19 경상북도 예천군 예방접종센터,화이자,5
코로나19 경상북도 예천군 예방접종센터,모더나,5
코로나19 경상북도 예천군 예방접종센터,아스트라제네카,5
코로나19 경상북도 울릉군 예방접종센터,화이자,5
코로나19 경상북도 울릉군 예방접종센터,모더나,5
코로나19 경상북도 울릉군 예방접종센터,아스트라제네카,5
코로나19 경상북도 울진군 예방접종센터,화이자,5
코로나19 경상북도 울진군 예방접종센터,모더나,5
코로나19 경상북도 울진군 예방접종센터,아스트라제네카,5
코로나19 경상북도 의성군 예방접종센터,화이자,5
코로나19 경상북도 의성군 예방접종센터,모더나,5
코로나19 경상북도 의성군 예방접종센터,아스트라제네카,5
코로나19 경상북도 청도군 예방접종센터,화이자,5
코로나19 경상북도 청도군 예방접종센터,모더나,5
코로나19 경상북도 청도군 예방접종센터,아스트라제네카,5
코로나19 경상북도 청송군 예방접종센터,화이자,5
코로나19 경상북도 청송군 예방접종센터,모더나,5
코로나19 경상북도 청송군 예방접종센터,아스트라제네카,5
코로나19 경상북도 칠곡군 예방접종센터 ,화이자,5
코로나19 경상북도 칠곡군 예방접종센터 ,모더나,5
코로나19 경상북도 칠곡군 예방접종센터 ,아스트라제네카,5
코로나19 경상북도 포항시 남구 예방접종센터,화이자,5
코로나19 경상북도 포항시 남구 예방접종센터,모더나,5
코로나19 경상북도 포항시 남구 예방접종센터,아스트라제네카,5
코로나19 경상북도 포항시 북구 예방접종센터 ,화이자,5
코로나19 경상북도 포항시 북구 예방접종센터 ,모더나,5
코로나19 경상북도 포항시 북구 예방접종센터 ,아스트라제네카,5
코로나19 광주광역시 광산구 예방접종센터,화이자,5
코로나19 광주광역시 광산구 예방접종센터,모더나,5
코로나19 광주광역시 광산구 예방접종센터,아스트라제네카,5
코로나19 광주광역시 남구 예방접종센터,화이자,5
코로나19 광주광역시 남구 예방접종센터,모더나,5
코로나19 광주광역시 남구 예방접종센터,아스트라제네카,5
코로나19 광주광역시 동구 예방접종센터,화이자,5
코로나19 광주광역시 동구 예방접종센터,모더나,5
코로나19 광주광역시 동구 예방접종센터,아스트라제네카,5
코로나19 광주광역시 북구 예방접종센터,화이자,5
코로나19 광주광역시 북구 예방접종센터,모더나,5
코로나19 광주광역시 북구 예방접종센터,아스트라제네카,5
코로나19 광주광역시 서구 예방접종센터,화이자,5
코로나19 광주광역시 서구 예방접종센터,모더나,5
코로나19 광주광역시 서구 예방접종센터,아스트라제네카,5
코로나19 대구광역시 남구 예방접종센터,화이자,5
코로나19 대구광역시 남구 예방접종센터,모더나,5
코로나19 대구광역시 남구 예방접종센터,아스트라제네카,5
코로나19 대구광역시 달서구 예방접종센터 ,화이자,5
코로나19 대구광역시 달서구 예방접종센터 ,모더나,5
코로나19 대구광역시 달서구 예방접종센터 ,아스트라제네카,5
코로나19 대구광역시 달성군 예방접종센터,화이자,5
코로나19 대구광역시 달성군 예방접종센터,모더나,5
코로나19 대구광역시 달성군 예방접종센터,아스트라제네카,5
코로나19 대구광역시 동구 예방접종센터 ,화이자,5
코로나19 대구광역시 동구 예방접종센터 ,모더나,5
코로나19 대구광역시 동구 예방접종센터 ,아스트라제네카,5
코로나19 대구광역시 북구 예방접종센터,화이자,5
코로나19 대구광역시 북구 예방접종센터,모더나,5
코로나19 대구광역시 북구 예방접종센터,아스트라제네카,5
코로나19 대구광역시 서구 예방접종센터,화이자,5
코로나19 대구광역시 서구 예방접종센터,모더나,5
코로나19 대구광역시 서구 예방접종센터,아스트라제네카,5
코로나19 대구광역시 수성구 예방접종센터,화이자,5
코로나19 대구광역시 수성구 예방접종센터,모더나,5
코로나19 대구광역시 수성구 예방접종센터,아스트라제네카,5
코로나19 대구광역시 중구 예방접종센터,화이자,5
코로나19 대구광역시 중구 예방접종센터,모더나,5
코로나19 대구광역시 중구 예방접종센터,아스트라제네카,5
코로나19 대전광역시 대덕구 예방접종센터,화이자,5
코로나19 대전광역시 대덕구 예방접종센터,모더나,5
코로나19 대전광역시 대덕구 예방접종센터,아스트라제네카,5
코로나19 대전광역시 동구 예방접종센터,화이자,5
코로나19 대전광역시 동구 예방접종센터,모더나,5
코로나19 대전광역시 동구 예방접종센터,아스트라제네카,5
코로나19 대전광역시 서구 예방접종센터,화이자,5
코로나19 대전광역시 서구 예방접종센터,모더나,5
코로나19 대전광역시 서구 예방접종센터,아스트라제네카,5
코로나19 대전광역시 유성구 예방접종센터,화이자,5
코로나19 대전광역시 유성구 예방접종센터,모더나,5
코로나19 대전광역시 유성구 예방접종센터,아스트라제네카,5
코로나19 대전광역시 중구 예방접종센터,화이자,5
코로나19 대전광역시 중구 예방접종센터,모더나,5
코로나19 대전광역시 중구 예방접종센터,아스트라제네카,5
코로나19 부산광역시 강서구 예방접종센터,화이자,5
코로나19 부산광역시 강서구 예방접종센터,모더나,5
코로나19 부산광역시 강서구 예방접종센터,아스트라제네카,5
코로나19 부산광역시 금정구  예방접종센터 ,화이자,5
코로나19 부산광역시 금정구  예방접종센터 ,모더나,5
코로나19 부산광역시 금정구  예방접종센터 ,아스트라제네카,5
코로나19 부산광역시 기장군 예방접종센터,화이자,5
코로나19 부산광역시 기장군 예방접종센터,모더나,5
코로나19 부산광역시 기장군 예방접종센터,아스트라제네카,5
코로나19 부산광역시 남구 예방접종센터,화이자,5
코로나19 부산광역시 남구 예방접종센터,모더나,5
코로나19 부산광역시 남구 예방접종센터,아스트라제네카,5
코로나19 부산광역시 동구 예방접종센터,화이자,5
코로나19 부산광역시 동구 예방접종센터,모더나,5
코로나19 부산광역시 동구 예방접종센터,아스트라제네카,5
코로나19 부산광역시 동래구 예방접종센터,화이자,5
코로나19 부산광역시 동래구 예방접종센터,모더나,5
코로나19 부산광역시 동래구 예방접종센터,아스트라제네카,5
코로나19 부산광역시 부산진구 예방접종센터,화이자,5
코로나19 부산광역시 부산진구 예방접종센터,모더나,5
코로나19 부산광역시 부산진구 예방접종센터,아스트라제네카,5
코로나19 부산광역시 북구  예방접종센터 ,화이자,5
코로나19 부산광역시 북구  예방접종센터 ,모더나,5
코로나19 부산광역시 북구  예방접종센터 ,아스트라제네카,5
코로나19 부산광역시 사상구 예방접종센터,화이자,5
코로나19 부산광역시 사상구 예방접종센터,모더나,5
코로나19 부산광역시 사상구 예방접종센터,아스트라제네카,5
코로나19 부산광역시 사하구 예방접종센터,화이자,5
코로나19 부산광역시 사하구 예방접종센터,모더나,5
코로나19 부산광역시 사하구 예방접종센터,아스트라제네카,5
코로나19 부산광역시 서구 예방접종센터,화이자,5
코로나19 부산광역시 서구 예방접종센터,모더나,5
코로나19 부산광역시 서구 예방접종센터,아스트라제네카,5
코로나19 부산광역시 수영구 예방접종센터,화이자,5
코로나19 부산광역시 수영구 예방접종센터,모더나,5
코로나19 부산광역시 수영구 예방접종센터,아스트라제네카,5
코로나19 부산광역시 연제구 예방접종센터,화이자,5
코로나19 부산광역시 연제구 예방접종센터,모더나,5
코로나19 부산광역시 연제구 예방접종센터,아스트라제네카,5
코로나19 부산광역시 영도구 예방접종센터,화이자,5
코로나19 부산광역시 영도구 예방접종센터,모더나,5
코로나19 부산광역시 영도구 예방접종센터,아스트라제네카,5
코로나19 부산광역시 중구 예방접종센터,화이자,5
코로나19 부산광역시 중구 예방접종센터,모더나,5
코로나19 부산광역시 중구 예방접종센터,아스트라제네카,5
코로나19 부산광역시 해운대구 예방접종센터,화이자,5
코로나19 부산광역시 해운대구 예방접종센터,모더나,5
코로나19 부산광역시 해운대구 예방접종센터,아스트라제네카,5
코로나19 서울특별시 강남구 예방접종센터,화이자,5
코로나19 서울특별시 강남구 예방접종센터,모더나,5
코로나19 서울특별시 강남구 예방접종센터,아스트라제네카,5
코로나19 서울특별시 강동구 예방접종센터,화이자,5
코로나19 서울특별시 강동구 예방접종센터,모더나,5
코로나19 서울특별시 강동구 예방접종센터,아스트라제네카,5
코로나19 서울특별시 강북구 예방접종센터,화이자,5
코로나19 서울특별시 강북구 예방접종센터,모더나,5
코로나19 서울특별시 강북구 예방접종센터,아스트라제네카,5
코로나19 서울특별시 강서구 예방접종센터,화이자,5
코로나19 서울특별시 강서구 예방접종센터,모더나,5
코로나19 서울특별시 강서구 예방접종센터,아스트라제네카,5
코로나19 서울특별시 관악구 예방접종센터,화이자,5
코로나19 서울특별시 관악구 예방접종센터,모더나,5
코로나19 서울특별시 관악구 예방접종센터,아스트라제네카,5
코로나19 서울특별시 광진구 예방접종센터,화이자,5
코로나19 서울특별시 광진구 예방접종센터,모더나,5
코로나19 서울특별시 광진구 예방접종센터,아스트라제네카,5
코로나19 서울특별시 구로구 예방접종센터,화이자,5
코로나19 서울특별시 구로구 예방접종센터,모더나,5
코로나19 서울특별시 구로구 예방접종센터,아스트라제네카,5
코로나19 서울특별시 금천구 예방접종센터,화이자,5
코로나19 서울특별시 금천구 예방접종센터,모더나,5
코로나19 서울특별시 금천구 예방접종센터,아스트라제네카,5
코로나19 서울특별시 노원구 예방접종센터,화이자,5
코로나19 서울특별시 노원구 예방접종센터,모더나,5
코로나19 서울특별시 노원구 예방접종센터,아스트라제네카,5
코로나19 서울특별시 도봉구 예방접종센터,화이자,5
코로나19 서울특별시 도봉구 예방접종센터,모더나,5
코로나19 서울특별시 도봉구 예방접종센터,아스트라제네카,5
코로나19 서울특별시 동대문구 예방접종센터,화이자,5
코로나19 서울특별시 동대문구 예방접종센터,모더나,5
코로나19 서울특별시 동대문구 예방접종센터,아스트라제네카,5
코로나19 서울특별시 동작구 예방접종센터,화이자,5
코로나19 서울특별시 동작구 예방접종센터,모더나,5
코로나19 서울특별시 동작구 예방접종센터,아스트라제네카,5
코로나19 서울특별시 마포구 예방접종센터,화이자,5
코로나19 서울특별시 마포구 예방접종센터,모더나,5
코로나19 서울특별시 마포구 예방접종센터,아스트라제네카,5
코로나19 서울특별시 서대문구 예방접종센터,화이자,5
코로나19 서울특별시 서대문구 예방접종센터,모더나,5
코로나19 서울특별시 서대문구 예방접종센터,아스트라제네카,5
코로나19 서울특별시 서초구 예방접종센터,화이자,5
코로나19 서울특별시 서초구 예방접종센터,모더나,5
코로나19 서울특별시 서초구 예방접종센터,아스트라제네카,5
코로나19 서울특별시 성동구 예방접종센터,화이자,5
코로나19 서울특별시 성동구 예방접종센터,모더나,5
코로나19 서울특별시 성동구 예방접종센터,아스트라제네카,5
코로나19 서울특별시 성북구 예방접종센터,화이자,5
코로나19 서울특별시 성북구 예방접종센터,모더나,5
코로나19 서울특별시 성북구 예방접종센터,아스트라제네카,5
코로나19 서울특별시 송파구 예방접종센터,화이자,5
코로나19 서울특별시 송파구 예방접종센터,모더나,5
코로나19 서울특별시 송파구 예방접종센터,아스트라제네카,5
코로나19 서울특별시 양천구 예방접종센터,화이자,5
코로나19 서울특별시 양천구 예방접종센터,모더나,5
코로나19 서울특별시 양천구 예방접종센터,아스트라제네카,5
코로나19 서울특별시 영등포구 예방접종센터,화이자,5
코로나19 서울특별시 영등포구 예방접종센터,모더나,5
코로나19 서울특별시 영등포구 예방접종센터,아스트라제네카,5
코로나19 서울특별시 용산구 예방접종센터,화이자,5
코로나19 서울특별시 용산구 예방접종센터,모더나,5
코로나19 서울특별시 용산구 예방접종센터,아스트라제네카,5
코로나19 서울특별시 은평구 예방접종센터,화이자,5
코로나19 서울특별시 은평구 예방접종센터,모더나,5
코로나19 서울특별시 은평구 예방접종센터,아스트라제네카,5
코로나19 서울특별시 종로구 예방접종센터,화이자,5
코로나19 서울특별시 종로구 예방접종센터,모더나,5
코로나19 서울특별시 종로구 예방접종센터,아스트라제네카,5
코로나19 서울특별시 중구 예방접종센터 ,화이자,5
코로나19 서울특별시 중구 예방접종센터 ,모더나,5
코로나19 서울특별시 중구 예방접종센터 ,아스트라제네카,5
코로나19 서울특별시 중랑구 예방접종센터,화이자,5
코로나19 서울특별시 중랑구 예방접종센터,모더나,5
코로나19 서울특별시 중랑구 예방접종센터,아스트라제네카,5
코로나19 세종특별자치시 예방접종센터,화이자,5
코로나19 세종특별자치시 예방접종센터,모더나,5
코로나19 세종특별자치시 예방접종센터,아스트라제네카,5
코로나19 영남권역 예방접종센터,화이자,5
코로나19 영남권역 예방접종센터,모더나,5
코로나19 영남권역 예방접종센터,아스트라제네카,5
코로나19 울산광역시 남구 예방접종센터,화이자,5
코로나19 울산광역시 남구 예방접종센터,모더나,5
코로나19 울산광역시 남구 예방접종센터,아스트라제네카,5
코로나19 울산광역시 동구 예방접종센터,화이자,5
코로나19 울산광역시 동구 예방접종센터,모더나,5
코로나19 울산광역시 동구 예방접종센터,아스트라제네카,5
코로나19 울산광역시 북구 예방접종센터 ,화이자,5
코로나19 울산광역시 북구 예방접종센터 ,모더나,5
코로나19 울산광역시 북구 예방접종센터 ,아스트라제네카,5
코로나19 울산광역시 울주군 예방접종센터,화이자,5
코로나19 울산광역시 울주군 예방접종센터,모더나,5
코로나19 울산광역시 울주군 예방접종센터,아스트라제네카,5
코로나19 울산광역시 중구 예방접종센터,화이자,5
코로나19 울산광역시 중구 예방접종센터,모더나,5
코로나19 울산광역시 중구 예방접종센터,아스트라제네카,5
코로나19 인천광역시 강화군 예방접종센터,화이자,5
코로나19 인천광역시 강화군 예방접종센터,모더나,5
코로나19 인천광역시 강화군 예방접종센터,아스트라제네카,5
코로나19 인천광역시 계양구 예방접종센터,화이자,5
코로나19 인천광역시 계양구 예방접종센터,모더나,5
코로나19 인천광역시 계양구 예방접종센터,아스트라제네카,5
코로나19 인천광역시 남동구 예방접종센터,화이자,5
코로나19 인천광역시 남동구 예방접종센터,모더나,5
코로나19 인천광역시 남동구 예방접종센터,아스트라제네카,5
코로나19 인천광역시 동구 예방접종센터,화이자,5
코로나19 인천광역시 동구 예방접종센터,모더나,5
코로나19 인천광역시 동구 예방접종센터,아스트라제네카,5
코로나19 인천광역시 미추홀구 예방접종센터,화이자,5
코로나19 인천광역시 미추홀구 예방접종센터,모더나,5
코로나19 인천광역시 미추홀구 예방접종센터,아스트라제네카,5
코로나19 인천광역시 부평구 예방접종센터 ,화이자,5
코로나19 인천광역시 부평구 예방접종센터 ,모더나,5
코로나19 인천광역시 부평구 예방접종센터 ,아스트라제네카,5
코로나19 인천광역시 서구 예방접종센터,화이자,5
코로나19 인천광역시 서구 예방접종센터,모더나,5
코로나19 인천광역시 서구 예방접종센터,아스트라제네카,5
코로나19 인천광역시 연수구 예방접종센터,화이자,5
코로나19 인천광역시 연수구 예방접종센터,모더나,5
코로나19 인천광역시 연수구 예방접종센터,아스트라제네카,5
코로나19 인천광역시 옹진군 예방접종센터,화이자,5
코로나19 인천광역시 옹진군 예방접종센터,모더나,5
코로나19 인천광역시 옹진군 예방접종센터,아스트라제네카,5
코로나19 인천광역시 중구 예방접종센터,화이자,5
코로나19 인천광역시 중구 예방접종센터,모더나,5
코로나19 인천광역시 중구 예방접종센터,아스트라제네카,5
코로나19 전라남도 강진군 예방접종센터,화이자,5
코로나19 전라남도 강진군 예방접종센터,모더나,5
코로나19 전라남도 강진군 예방접종센터,아스트라제네카,5
코로나19 전라남도 고흥군 예방접종센터,화이자,5
코로나19 전라남도 고흥군 예방접종센터,모더나,5
코로나19 전라남도 고흥군 예방접종센터,아스트라제네카,5
코로나19 전라남도 곡성군 예방접종센터,화이자,5
코로나19 전라남도 곡성군 예방접종센터,모더나,5
코로나19 전라남도 곡성군 예방접종센터,아스트라제네카,5
코로나19 전라남도 광양시 예방접종센터 ,화이자,5
코로나19 전라남도 광양시 예방접종센터 ,모더나,5
코로나19 전라남도 광양시 예방접종센터 ,아스트라제네카,5
코로나19 전라남도 구례군 예방접종센터 ,화이자,5
코로나19 전라남도 구례군 예방접종센터 ,모더나,5
코로나19 전라남도 구례군 예방접종센터 ,아스트라제네카,5
코로나19 전라남도 나주시 예방접종센터,화이자,5
코로나19 전라남도 나주시 예방접종센터,모더나,5
코로나19 전라남도 나주시 예방접종센터,아스트라제네카,5
코로나19 전라남도 담양군 예방접종센터,화이자,5
코로나19 전라남도 담양군 예방접종센터,모더나,5
코로나19 전라남도 담양군 예방접종센터,아스트라제네카,5
코로나19 전라남도 목포시 예방접종센터,화이자,5
코로나19 전라남도 목포시 예방접종센터,모더나,5
코로나19 전라남도 목포시 예방접종센터,아스트라제네카,5
코로나19 전라남도 무안군 예방접종센터,화이자,5
코로나19 전라남도 무안군 예방접종센터,모더나,5
코로나19 전라남도 무안군 예방접종센터,아스트라제네카,5
코로나19 전라남도 보성군 예방접종센터,화이자,5
코로나19 전라남도 보성군 예방접종센터,모더나,5
코로나19 전라남도 보성군 예방접종센터,아스트라제네카,5
코로나19 전라남도 순천시 예방접종센터,화이자,5
코로나19 전라남도 순천시 예방접종센터,모더나,5
코로나19 전라남도 순천시 예방접종센터,아스트라제네카,5
코로나19 전라남도 신안군 예방접종센터,화이자,5
코로나19 전라남도 신안군 예방접종센터,모더나,5
코로나19 전라남도 신안군 예방접종센터,아스트라제네카,5
코로나19 전라남도 여수시 예방접종센터,화이자,5
코로나19 전라남도 여수시 예방접종센터,모더나,5
코로나19 전라남도 여수시 예방접종센터,아스트라제네카,5
코로나19 전라남도 영광군 예방접종센터 ,화이자,5
코로나19 전라남도 영광군 예방접종센터 ,모더나,5
코로나19 전라남도 영광군 예방접종센터 ,아스트라제네카,5
코로나19 전라남도 영암군 예방접종센터,화이자,5
코로나19 전라남도 영암군 예방접종센터,모더나,5
코로나19 전라남도 영암군 예방접종센터,아스트라제네카,5
코로나19 전라남도 완도군 예방접종센터,화이자,5
코로나19 전라남도 완도군 예방접종센터,모더나,5
코로나19 전라남도 완도군 예방접종센터,아스트라제네카,5
코로나19 전라남도 장성군 예방접종센터,화이자,5
코로나19 전라남도 장성군 예방접종센터,모더나,5
코로나19 전라남도 장성군 예방접종센터,아스트라제네카,5
코로나19 전라남도 장흥군 예방접종센터,화이자,5
코로나19 전라남도 장흥군 예방접종센터,모더나,5
코로나19 전라남도 장흥군 예방접종센터,아스트라제네카,5
코로나19 전라남도 진도군 예방접종센터,화이자,5
코로나19 전라남도 진도군 예방접종센터,모더나,5
코로나19 전라남도 진도군 예방접종센터,아스트라제네카,5
코로나19 전라남도 함평군 예방접종센터,화이자,5
코로나19 전라남도 함평군 예방접종센터,모더나,5
코로나19 전라남도 함평군 예방접종센터,아스트라제네카,5
코로나19 전라남도 해남군 예방접종센터 ,화이자,5
코로나19 전라남도 해남군 예방접종센터 ,모더나,5
코로나19 전라남도 해남군 예방접종센터 ,아스트라제네카,5
코로나19 전라남도 화순군 예방접종센터,화이자,5
코로나19 전라남도 화순군 예방접종센터,모더나,5
코로나19 전라남도 화순군 예방접종센터,아스트라제네카,5
코로나19 전라북도 고창군 예방접종센터,화이자,5
코로나19 전라북도 고창군 예방접종센터,모더나,5
코로나19 전라북도 고창군 예방접종센터,아스트라제네카,5
코로나19 전라북도 군산시 예방접종센터,화이자,5
코로나19 전라북도 군산시 예방접종센터,모더나,5
코로나19 전라북도 군산시 예방접종센터,아스트라제네카,5
코로나19 전라북도 김제시 예방접종센터,화이자,5
코로나19 전라북도 김제시 예방접종센터,모더나,5
코로나19 전라북도 김제시 예방접종센터,아스트라제네카,5
코로나19 전라북도 남원시 예방접종센터,화이자,5
코로나19 전라북도 남원시 예방접종센터,모더나,5
코로나19 전라북도 남원시 예방접종센터,아스트라제네카,5
코로나19 전라북도 무주군 예방접종센터,화이자,5
코로나19 전라북도 무주군 예방접종센터,모더나,5
코로나19 전라북도 무주군 예방접종센터,아스트라제네카,5
코로나19 전라북도 부안군 예방접종센터,화이자,5
코로나19 전라북도 부안군 예방접종센터,모더나,5
코로나19 전라북도 부안군 예방접종센터,아스트라제네카,5
코로나19 전라북도 순창군 예방접종센터,화이자,5
코로나19 전라북도 순창군 예방접종센터,모더나,5
코로나19 전라북도 순창군 예방접종센터,아스트라제네카,5
코로나19 전라북도 완주군 예방접종센터,화이자,5
코로나19 전라북도 완주군 예방접종센터,모더나,5
코로나19 전라북도 완주군 예방접종센터,아스트라제네카,5
코로나19 전라북도 익산시 예방접종센터,화이자,5
코로나19 전라북도 익산시 예방접종센터,모더나,5
코로나19 전라북도 익산시 예방접종센터,아스트라제네카,5
코로나19 전라북도 임실군 예방접종센터,화이자,5
코로나19 전라북도 임실군 예방접종센터,모더나,5
코로나19 전라북도 임실군 예방접종센터,아스트라제네카,5
코로나19 전라북도 장수군 예방접종센터,화이자,5
코로나19 전라북도 장수군 예방접종센터,모더나,5
코로나19 전라북도 장수군 예방접종센터,아스트라제네카,5
코로나19 전라북도 전주시 예방접종센터,화이자,5
코로나19 전라북도 전주시 예방접종센터,모더나,5
코로나19 전라북도 전주시 예방접종센터,아스트라제네카,5
코로나19 전라북도 정읍시 예방접종센터,화이자,5
코로나19 전라북도 정읍시 예방접종센터,모더나,5
코로나19 전라북도 정읍시 예방접종센터,아스트라제네카,5
코로나19 전라북도 진안군 예방접종센터,화이자,5
코로나19 전라북도 진안군 예방접종센터,모더나,5
코로나19 전라북도 진안군 예방접종센터,아스트라제네카,5
코로나19 제주특별자치도 서귀포시 예방접종센터,화이자,5
코로나19 제주특별자치도 서귀포시 예방접종센터,모더나,5
코로나19 제주특별자치도 서귀포시 예방접종센터,아스트라제네카,5
코로나19 제주특별자치도 제주시 예방접종센터,화이자,5
코로나19 제주특별자치도 제주시 예방접종센터,모더나,5
코로나19 제주특별자치도 제주시 예방접종센터,아스트라제네카,5
코로나19 중부권역 예방접종센터,화이자,5
코로나19 중부권역 예방접종센터,모더나,5
코로나19 중부권역 예방접종센터,아스트라제네카,5
코로나19 중앙 예방접종센터,화이자,5
코로나19 중앙 예방접종센터,모더나,5
코로나19 중앙 예방접종센터,아스트라제네카,5
코로나19 충청남도 계룡시 예방접종센터,화이자,5
코로나19 충청남도 계룡시 예방접종센터,모더나,5
코로나19 충청남도 계룡시 예방접종센터,아스트라제네카,5
코로나19 충청남도 공주시 예방접종센터,화이자,5
코로나19 충청남도 공주시 예방접종센터,모더나,5
코로나19 충청남도 공주시 예방접종센터,아스트라제네카,5
코로나19 충청남도 금산군 예방접종센터,화이자,5
코로나19 충청남도 금산군 예방접종센터,모더나,5
코로나19 충청남도 금산군 예방접종센터,아스트라제네카,5
코로나19 충청남도 논산시 예방접종센터,화이자,5
코로나19 충청남도 논산시 예방접종센터,모더나,5
코로나19 충청남도 논산시 예방접종센터,아스트라제네카,5
코로나19 충청남도 당진시 예방접종센터,화이자,5
코로나19 충청남도 당진시 예방접종센터,모더나,5
코로나19 충청남도 당진시 예방접종센터,아스트라제네카,5
코로나19 충청남도 보령시 예방접종센터,화이자,5
코로나19 충청남도 보령시 예방접종센터,모더나,5
코로나19 충청남도 보령시 예방접종센터,아스트라제네카,5
코로나19 충청남도 부여군 예방접종센터,화이자,5
코로나19 충청남도 부여군 예방접종센터,모더나,5
코로나19 충청남도 부여군 예방접종센터,아스트라제네카,5
코로나19 충청남도 서산시 예방접종센터 ,화이자,5
코로나19 충청남도 서산시 예방접종센터 ,모더나,5
코로나19 충청남도 서산시 예방접종센터 ,아스트라제네카,5
코로나19 충청남도 서천군 예방접종센터,화이자,5
코로나19 충청남도 서천군 예방접종센터,모더나,5
코로나19 충청남도 서천군 예방접종센터,아스트라제네카,5
코로나19 충청남도 아산시 예방접종센터,화이자,5
코로나19 충청남도 아산시 예방접종센터,모더나,5
코로나19 충청남도 아산시 예방접종센터,아스트라제네카,5
코로나19 충청남도 예산군 예방접종센터,화이자,5
코로나19 충청남도 예산군 예방접종센터,모더나,5
코로나19 충청남도 예산군 예방접종센터,아스트라제네카,5
코로나19 충청남도 천안시 서북구 예방접종센터,화이자,5
코로나19 충청남도 천안시 서북구 예방접종센터,모더나,5
코로나19 충청남도 천안시 서북구 예방접종센터,아스트라제네카,5
코로나19 충청남도 청양군 예방접종센터,화이자,5
코로나19 충청남도 청양군 예방접종센터,모더나,5
코로나19 충청남도 청양군 예방접종센터,아스트라제네카,5
코로나19 충청남도 태안군 예방접종센터,화이자,5
코로나19 충청남도 태안군 예방접종센터,모더나,5
코로나19 충청남도 태안군 예방접종센터,아스트라제네카,5
코로나19 충청남도 홍성군 예방접종센터,화이자,5
코로나19 충청남도 홍성군 예방접종센터,모더나,5
코로나19 충청남도 홍성군 예방접종센터,아스트라제네카,5
코로나19 충청북도 고성군 예방접종센터,화이자,5
코로나19 충청북도 고성군 예방접종센터,모더나,5
코로나19 충청북도 고성군 예방접종센터,아스트라제네카,5
코로나19 충청북도 괴산군 예방접종센터,화이자,5
코로나19 충청북도 괴산군 예방접종센터,모더나,5
코로나19 충청북도 괴산군 예방접종센터,아스트라제네카,5
코로나19 충청북도 단양군 예방접종센터,화이자,5
코로나19 충청북도 단양군 예방접종센터,모더나,5
코로나19 충청북도 단양군 예방접종센터,아스트라제네카,5
코로나19 충청북도 보은군 예방접종센터,화이자,5
코로나19 충청북도 보은군 예방접종센터,모더나,5
코로나19 충청북도 보은군 예방접종센터,아스트라제네카,5
코로나19 충청북도 영동군 예방접종센터,화이자,5
코로나19 충청북도 영동군 예방접종센터,모더나,5
코로나19 충청북도 영동군 예방접종센터,아스트라제네카,5
코로나19 충청북도 옥천군 예방접종센터,화이자,5
코로나19 충청북도 옥천군 예방접종센터,모더나,5
코로나19 충청북도 옥천군 예방접종센터,아스트라제네카,5
코로나19 충청북도 음성군 예방접종센터,화이자,5
코로나19 충청북도 음성군 예방접종센터,모더나,5
코로나19 충청북도 음성군 예방접종센터,아스트라제네카,5
코로나19 충청북도 제천시 예방접종센터,화이자,5
코로나19 충청북도 제천시 예방접종센터,모더나,5
코로나19 충청북도 제천시 예방접종센터,아스트라제네카,5
코로나19 충청북도 증평군 예방접종센터,화이자,5
코로나19 충청북도 증평군 예방접종센터,모더나,5
코로나19 충청북도 증평군 예방접종센터,아스트라제네카,5
코로나19 충청북도 진천군 예방접종센터,화이자,5
코로나19 충청북도 진천군 예방접종센터,모더나,5
코로나19 충청북도 진천군 예방접종센터,아스트라제네카,5
코로나19 충청북도 청주시 서원구 예방접종센터,화이자,5
코로나19 충청북도 청주시 서원구 예방접종센터,모더나,5
코로나19 충청북도 청주시 서원구 예방접종센터,아스트라제네카,5
코로나19 충청북도 청주시 예방접종센터,화이자,5
코로나19 충청북도 청주시 예방접종센터,모더나,5
코로나19 충청북도 청주시 예방접종센터,아스트라제네카,5
코로나19 충청북도 청주시 청원구 예방접종센터,화이자,5
코로나19 충청북도 청주시 청원구 예방접종센터,모더나,5
코로나19 충청북도 청주시 청원구 예방접종센터,아스트라제네카,5
코로나19 충청북도 청주시 흥덕구 예방접종센터,화이자,5
코로나19 충청북도 청주시 흥덕구 예방접종센터,모더나,5
코로나19 충청북도 청주시 흥덕구 예방접종센터,아스트라제네카,5
코로나19 충청북도 충주시 예방접종센터,화이자,5
코로나19 충청북도 충주시 예방접종센터,모더나,5
코로나19 충청북도 충주시 예방접종센터,아스트라제네카,5
코로나19 호남권역 예방접종센터,화이자,5
코로나19 호남권역 예방접종센터,모더나,5
코로나19 호남권역 예방접종센터,아스트라제네카,5
